feature,importance
es_mantenimiento,0.4215663221906243
tipo_incidencia,0.21222612178316078
cliente,0.1983182127627611
dia_semana,0.11839470742038426
tickets_por_cliente,0.043960869267848125
tiempo_resolucion,0.005533766575221544
